epoch,learning_rate,train_total_loss,val_total_loss,val_vrmse,train_rmse,train_h1,train_h2,train_ssim,train_pcc,train_mlw,train_vrms,train_kl,val_vrmse_density,val_vrmse_momentum_y,val_vrmse_pressure,val_vrmse_momentum_x,val_rmse,val_h1,val_h2,val_ssim,val_pcc,val_mlw,val_vrms,val_kl
1,3.02e-05,0.14676887833096366,0.07751864397967304,0.1982947681568287,0.07297852894906967,0.0005753378463270497,0.0008890435722293572,0.3001563694935962,0.14052604968078963,74.6771004888303,0.4855222268552212,195078343.31318647,0.2177477349175347,0.2991665988498264,0.23025648328993056,0.2946275047019676,0.028815765380859375,0.0005435022601374874,0.0008880684993885182,0.1435184167932581,0.019795752631293403,75.43800925925926,0.1982947681568287,200176.82962962962
2,5e-05,0.08168794793002775,0.07381855152271412,0.1901884177879051,0.03013584519654637,0.0005335148346614508,0.0008949701815067764,0.16584239881407767,0.019610227900070127,74.99035104248813,0.20848070523043058,199441.00310538703,0.24064527723524307,0.29624970612702545,0.26428787796585645,0.24373951099537036,0.026080505936234087,0.00048788397400467486,0.0008358599521495677,0.15562563295717594,0.012858342771176938,73.34050347222222,0.1901884403935185,200808.60444444444
3,5e-05,0.06201998672007766,0.0577333238389757,0.14103832103587963,0.022103818760849693,0.00045617681787776007,0.0007994162813998955,0.11404884185751113,0.011675353953030319,71.47043151536248,0.1549853270631829,199071.81063676777,0.16653575755931713,0.2166686107494213,0.17469208893952545,0.20147210015190972,0.020525679411711517,0.0004541551183771204,0.0008154105257104945,0.09666592068142361,0.01038508521185981,70.89298611111111,0.14103833233868635,198940.63407407407
4,5e-05,0.055599068013842075,0.052889370388454864,0.1257032945421007,0.019801208841961234,0.00043152192058480227,0.00078109254376096,0.09481175075515044,0.009401876682018136,70.1808465534673,0.13689341912802044,198783.88644089957,0.15122658058449073,0.17391519052010995,0.19616391782407408,0.16941435637297453,0.01817003744619864,0.00044519821802775064,0.0008461171609384043,0.08306279500325521,0.008364983311405888,70.79372685185186,0.1257033058449074,198334.31703703705
5,5e-05,0.05174759576276381,0.05196692007559317,0.12727040608723958,0.018264389589085987,0.0004156980685556123,0.0007732316331559985,0.08465534760363431,0.008216372593676196,69.30647340878284,0.12576033896669184,198503.57720972804,0.1463006478768808,0.16718317102502894,0.1578880027488426,0.2039664261429398,0.0183868408203125,0.00041220700299298324,0.0007662482614870425,0.08646486070421007,0.00841922406797056,68.73835069444445,0.12727040608723958,199076.4562962963
6,5e-05,0.05030434252694249,0.04911808720341435,0.11914684154369214,0.018142330221574614,0.00039427700855334684,0.0007417916254860634,0.08298774206987485,0.00791730167476702,68.11963280075265,0.12430118514560007,198673.19096495816,0.1406356246383102,0.18488564950448497,0.15528184678819446,0.16180484347873264,0.017272206059208622,0.0004078986026622631,0.0007627068625556098,0.07633965951425058,0.007877746864601418,68.21293402777778,0.11914684154369214,198200.49777777778
7,5e-05,0.047577814489338066,0.04703785366482205,0.1131365966796875,0.01701229260981114,0.0003755819460864693,0.000714443846269304,0.07857616114815907,0.007286049830863665,68.36593589623104,0.11862434988459533,198477.5016997908,0.13903894495081018,0.166973876953125,0.14209052191840277,0.1544623819986979,0.0164323976304796,0.00039895304927119505,0.0007519671652052137,0.07105202003761574,0.006953117935745805,68.07327546296297,0.1131365966796875,198289.82518518518
8,5e-05,0.04774696882677783,0.04562814500596788,0.10901597764756944,0.01672585378936784,0.0004093291240374376,0.0007809903654356371,0.07036438921006653,0.006533398663149718,67.97556976892957,0.10999483078188228,197937.500457636,0.1318159654405382,0.16695404052734375,0.13352875886140048,0.15296601472077545,0.016034421567563656,0.00038581839314213507,0.0007354685553797969,0.06868534794560185,0.006700146993001302,66.92650462962963,0.10901597764756944,198213.4162962963
9,5e-05,0.04730474493450731,0.04432367395471643,0.10639109293619792,0.016856483918825108,0.0003908082984980104,0.0007522093667575669,0.07271897144397432,0.0065245513636696785,67.54601594294465,0.11245822830897245,198179.36921417364,0.12619556568287038,0.1536812111183449,0.134533849645544,0.15654712818287037,0.01555064872459129,0.00037829747906437626,0.0007259977746892858,0.06572102864583333,0.00635694009286386,66.64403356481482,0.10639109293619792,198020.68148148147
10,5e-05,0.04375124808252793,0.047616068522135416,0.11949005126953124,0.015895361817738034,0.0003577633156707204,0.0006957825358876331,0.06645146685664124,0.005749877027886682,67.5362472613985,0.10557371460555987,197916.1809296548,0.1296544505931713,0.18959671585648147,0.14818084716796875,0.16627478705512153,0.016957100762261285,0.0003761714917642099,0.0007237747421971074,0.07900261773003472,0.0073338918332700375,66.52550925925927,0.11949006257233796,198755.10518518518
11,5e-05,0.0429160790313347,0.04315696998878762,0.1044061279296875,0.015437256192172795,0.0003545706419366081,0.0006923546597408097,0.06500193651251214,0.006011544909936115,66.80077245544689,0.10734934900657403,198048.29677693514,0.13279736554181135,0.14165256076388888,0.14626323558666088,0.13866906060112846,0.015228644476996529,0.000373895389062387,0.0007238044562163176,0.06155702944155093,0.006210159725613064,66.44767361111111,0.1044061279296875,197964.58666666667
12,5e-05,0.04544688178573162,0.04478526927806713,0.1088486961082176,0.01607326785381104,0.00038721862675709294,0.0007658582651849094,0.06675121474964349,0.005855679761415745,67.55544537181136,0.10437587604986574,198733.98904942468,0.1399013038917824,0.15317484537760417,0.14488525390625,0.14666917588975695,0.015801042627405237,0.00036997433061952944,0.000720261953495167,0.06990340056242766,0.0062277525442617915,66.47311342592593,0.1088486961082176,198244.98962962962
13,5e-05,0.04228507958559093,0.042479917738172744,0.10434750027126737,0.01520828351916192,0.00035200379802023294,0.0006974569539541479,0.06317737174832172,0.005628211603005062,66.96459320898336,0.10299933659668747,198080.3860159519,0.13774843569155093,0.13485192192925347,0.1513253445095486,0.13753684714988426,0.015279755768952547,0.00036411186059316,0.0007099971506330702,0.059963819715711804,0.005653836285626447,65.97079282407407,0.10434750027126737,197680.82962962962
14,4.603315856985009e-05,0.04038677924696481,0.042725132129810474,0.10265923394097222,0.014721891119448802,0.0003306328732355628,0.000659837400886797,0.060888294894326185,0.005344203949972177,67.36301090128751,0.09975012828631007,198030.4989539749,0.14275650589554398,0.1329002097800926,0.127554852520978,0.14659097177010996,0.01521942138671875,0.00036048394662362555,0.0007050942933117902,0.06321008752893519,0.005913942478321217,65.81246527777778,0.10265924524377894,197574.72
15,3.396144383332204e-05,0.039130701526617594,0.03938214902524595,0.09348630551938657,0.014048277901166029,0.0003326741815432595,0.0006704737921717648,0.056324762654603774,0.0049680540003038355,66.43966098609829,0.09530900196643803,197958.91857348327,0.11631812201605903,0.1252424678096065,0.11963426378038194,0.13131366871021413,0.01370639377170139,0.0003546017849886859,0.0006977028316921658,0.05297108968098958,0.005166361067030165,65.09079861111111,0.09348631117078993,197958.26962962962
16,1.852907412753971e-05,0.03598195680458036,0.037610784459997104,0.08922357064706307,0.012584812222165542,0.0003222448365188037,0.0006534287882520353,0.04856601681669387,0.004528162743755963,64.97389298602627,0.08818792594620124,197547.33018436193,0.11328555636935764,0.1186246179651331,0.11509238914207176,0.12042573151765046,0.013056519119827836,0.00034703263530024773,0.0006863984355220088,0.04801753291377315,0.004809140805844907,64.55096064814815,0.08922357629846643,197358.32888888888
17,5.865366264235065e-06,0.03514677569344172,0.0369999016655816,0.08732005366572627,0.012323590724925787,0.00032115019545782167,0.0006580100992325326,0.04510449989071451,0.004215219903690545,63.9211774131743,0.08432515624084483,197413.50918540795,0.11080413818359375,0.11664302119502315,0.10890351472077546,0.11700630470558449,0.01281150394015842,0.0003443993462456597,0.0006824227615639016,0.04645620275426794,0.004700404273139106,64.3077199074074,0.08732005366572627,197142.26962962962
18,1e-06,0.03482621841212524,0.036925862630208334,0.08711908411096643,0.012100027118630272,0.00032250321669190083,0.0006597282510567357,0.04400686938393565,0.00424534593665949,63.49011780327833,0.08390562694761357,197177.6389578975,0.11064659966362847,0.11627003987630208,0.10859797724971065,0.11669022171585648,0.012783447548195168,0.0003440007457026729,0.0006818202248326054,0.04628252382631655,0.004683576513219763,64.23178240740741,0.08711907280815973,197082.39407407408
