epoch,learning_rate,train_total_loss,val_total_loss,val_vrmse,train_rmse,train_h1,train_h2,train_ssim,train_pcc,train_mlw,train_vrms,train_kl,val_vrmse_pressure,val_vrmse_density,val_vrmse_momentum_y,val_vrmse_momentum_x,val_rmse,val_h1,val_h2,val_ssim,val_pcc,val_mlw,val_vrms,val_kl
1,3.02e-05,0.14618406067972528,0.08893853081597222,0.23704664442274306,0.0737201094093526,0.0005595155170631264,0.0008597604127161004,0.29658782432268854,0.1427395311359581,74.16884632190401,0.48947199122302204,201377.437957636,0.2445230441623264,0.27961563675491896,0.37960611979166664,0.34297951027199075,0.03328174167209201,0.0005688877458925601,0.0009425369898478191,0.18141603823061342,0.02340606689453125,76.07510416666666,0.23704662181712963,200280.32
2,5e-05,0.08143201639104214,0.06981490523726852,0.17715693721064815,0.02993586932983109,0.0005376737700073334,0.0009038112271185862,0.16408305150694427,0.01986792845706062,74.92079283901838,0.20748892689910892,199531.29190638076,0.24870067455150463,0.17630600540726274,0.3007651095920139,0.2375198025173611,0.02508161474157263,0.0004901060351619014,0.0008407621030454282,0.1348532443576389,0.014312659369574652,72.82215856481481,0.17715693721064815,199303.30074074073
3,5e-05,0.06562027141888271,0.060100397180627894,0.1454488005461516,0.023626192656996423,0.0004555947889286213,0.0007978088719385874,0.12809559079393681,0.012294144061818781,71.30777373373758,0.16716996645827673,199110.0827340481,0.21302736635561342,0.16110157154224536,0.2111394359447338,0.21490571198640046,0.021105225174515335,0.0004562694055062753,0.0008166189546938296,0.10787802237051505,0.010927138151945891,71.24143518518518,0.1454488005461516,198648.0948148148
4,5e-05,0.05560455298651337,0.0528222260651765,0.12688414397063077,0.019815817371080922,0.00043147430486398556,0.000780620951828043,0.09476679862792523,0.009159327800303822,69.74560156626681,0.13638317242857054,198542.10698875523,0.15222592954282407,0.14569288465711805,0.18889078776041668,0.18882196497034143,0.01859230324074074,0.0004355539657451488,0.0007998580402798123,0.08301483154296875,0.008856422989456741,70.17373842592593,0.1268841665762442,198200.15407407406
5,5e-05,0.0526106810045261,0.05024376198097512,0.1238907199435764,0.018562284732241356,0.0004147884216285907,0.0007710353567533986,0.08872649859184999,0.00827631965341927,68.89031249808467,0.12816857453825334,198220.67599372385,0.1589502066153067,0.15402399133752895,0.17337278012876156,0.17561057761863427,0.017815831502278646,0.0004129100728918005,0.000767820676167806,0.07854953907154225,0.008084129050925926,68.25035300925926,0.12389070864076968,197887.20592592593
6,5e-05,0.04789682394614498,0.05045830055519387,0.12486854835792824,0.01714980688967029,0.0003917755852606236,0.0007421465667891832,0.07438824939927297,0.007282988047500036,67.53157915729858,0.11642225477532737,197955.73600941422,0.16488863344545718,0.1382713826497396,0.17699971516927082,0.19120433666087963,0.017937404491283275,0.00040584665757638437,0.0007654053193551523,0.08152374267578125,0.007732267026548032,67.84597222222222,0.12486854835792824,198195.92296296297
7,5e-05,0.047117259526804525,0.05220464635778357,0.13261131004050927,0.016878902199522254,0.000372059977382785,0.0007127029040328955,0.07756905450980534,0.007003414456315619,67.761104950845,0.11738077753757332,197803.41017259413,0.21524692111545138,0.1522349152741609,0.20170030381944445,0.1607451488353588,0.018987599125614874,0.0003937916843979447,0.000745656931841815,0.09018306025752315,0.007838909007884838,67.88923611111112,0.13261129873770255,197569.01925925925
8,5e-05,0.04893595073274707,0.04572484051739728,0.11097922996238425,0.017353743775533396,0.0004082911837292756,0.000783236146700847,0.07445098303850725,0.006774762684331279,67.73687355488414,0.11454142958206362,197554.93174686193,0.13880940755208335,0.12644287109375,0.1541440158420139,0.1679397243923611,0.016121826171875,0.000386489850503427,0.0007400075594584147,0.06852345784505208,0.006843735023781106,67.07546296296296,0.11097921865957755,197712.79407407407
9,5e-05,0.04584118006673006,0.043767903645833335,0.10520632143373843,0.016329182373266277,0.00038910132849447244,0.0007540543167645612,0.06704620611717511,0.006248036937234791,67.21747182901933,0.10798385802453782,197725.7219534519,0.1410362865306713,0.12825920952690972,0.1458600644712095,0.1451777027271412,0.01541152247676143,0.00037575470076666936,0.0007248921747560855,0.06379096137152777,0.006192468713831018,66.45796296296297,0.10520632143373843,197675.87555555557
10,5e-05,0.044072674861115456,0.04855877911603009,0.11916846381293403,0.016001702802134952,0.0003555719067500991,0.0006954966321002046,0.06861584106748574,0.005848649156642259,67.40344673220582,0.10675150004827327,197782.38781380752,0.1610215363679109,0.13006820113570602,0.19965535481770832,0.16183001482928241,0.017109885039152922,0.00037763260028980395,0.0007302175186298512,0.08378177218967015,0.006964436283817998,66.52667824074074,0.11916847511574075,197556.44444444444
11,5e-05,0.04169348219436862,0.043604561134620946,0.10673463044343172,0.01491296139719144,0.0003498648320946071,0.0006889040527170566,0.06191519339214309,0.005693657502968441,66.4221230032055,0.10327610322449621,197051.58263598327,0.12850052445023147,0.12448553014684606,0.1399967673972801,0.16795266610604745,0.015559549684877749,0.00036779319798504865,0.0007165024898670338,0.06436899255823206,0.006161301224320023,65.84373842592592,0.10673464174623842,197635.2
12,5e-05,0.044070552696501175,0.0432682772035952,0.10460173430266204,0.015529807450962895,0.0003809355372173345,0.0007596195814604398,0.06329312035229416,0.005537453805053583,67.03160789521668,0.10091597393591534,198148.38421809624,0.13303361680772569,0.12170656557436342,0.15081155282479744,0.1544680447048611,0.01539830243145978,0.00036634429737373637,0.0007195330549169469,0.06368504842122395,0.0060840670267740884,66.42179398148149,0.10460173430266204,198165.01333333334
13,5e-05,0.042510980838582416,0.04466445075141059,0.11159209074797453,0.015360592086078545,0.0003462436190343834,0.0006916863704868565,0.06558805055698091,0.0057013549814663176,66.8198852858284,0.10443723937457576,197938.93991893306,0.1597181080005787,0.12386689362702547,0.1616884923864294,0.1611812111183449,0.016123020030834056,0.00036189909334535954,0.0007092043205543801,0.06964318169487847,0.006423907809787326,65.95689236111112,0.11159207944516783,198118.32888888888
14,4.603315856985009e-05,0.03957446724873925,0.041262291802300344,0.0994898365162037,0.014464237025323241,0.00032356443163067243,0.0006524715512374869,0.05954672165495581,0.005225056758984362,67.10005178411636,0.09792345968780408,197890.79311584728,0.13419823540581596,0.11913153754340278,0.13306376139322917,0.14686709933810763,0.014657136422616464,0.00035589732505657057,0.000701678682256628,0.0587352611400463,0.005622656433670609,65.55828125,0.0994898365162037,196703.24148148147
15,3.396144383332204e-05,0.03851725986601481,0.03974105834960937,0.09523697464554398,0.01394285206004946,0.0003278642514779794,0.0006662033996629411,0.05454129990673464,0.004807176575002311,66.18933223580716,0.0940168865851154,197424.26461166318,0.12416621455439815,0.11341228343822338,0.130947186505353,0.1388425925925926,0.014087339330602576,0.00034907193095595746,0.000690975719028049,0.054667488380714696,0.005198679323549624,64.99908564814815,0.09523697464554398,197635.85185185185
16,1.852907412753971e-05,0.035748181348300254,0.037012114348234953,0.08769883332429108,0.012539338757172929,0.0003172361123557174,0.0006482781208553023,0.048980244034005006,0.004455131841005142,64.69497608041165,0.0880369337696473,197098.3806877615,0.10869831226490162,0.10647800021701388,0.1195280287000868,0.12135651765046296,0.012862392001681858,0.0003420853173291242,0.000680838425954183,0.04696969208893952,0.00469816561098452,64.26847222222223,0.08769883332429108,197151.07555555555
17,5.865366264235065e-06,0.03450485111640914,0.03642508612738715,0.08607578418872974,0.012122576428181785,0.000315744102325876,0.0006522639298033925,0.04396712892225098,0.004073523327895288,63.64160057291326,0.08289412537854648,197036.4016082636,0.1044930578161169,0.10487392849392362,0.11740629973234953,0.11842534948278356,0.012636177628128617,0.00033921014379571985,0.0006766222582923042,0.045522650259512444,0.004569864273071289,63.96944444444444,0.08607579549153646,196522.39407407408
18,1e-06,0.03419493718723529,0.03634288929126881,0.08583982114438657,0.011906402063055283,0.0003171430189572732,0.0006542441427079352,0.04287589294641088,0.004101568684917115,63.175182653770285,0.08251130390546,196646.45636114015,0.10412070945457176,0.10462796811704282,0.11700571695963542,0.11806898328993055,0.012603235597963686,0.0003388145014091774,0.0006760047983240199,0.04532618204752604,0.004550843062224212,63.913952546296294,0.08583981549298322,196515.38962962962
