# Rows are written by jobs/lrz_ai/finetune_vae_1gpu.job at job start, same
# convention as logs/{sng_pvc,lundquist}/INDEX.tsv.
timestamp	job	log_or_name	config	output_dir
2026-08-14T11:35:30+02:00	5749011	windinet_test	configs/finetune_vae/finetune_vae_whole_structure_baseline.yaml	/mnt/result/finetune_vae_whole_structure_baseline
2026-08-14T11:41:25+02:00	5749012	windinet_test	configs/finetune_vae/finetune_vae_whole_structure_baseline_ep30.yaml	/mnt/result/finetune_vae_whole_structure_baseline_ep30
2026-08-15T18:40:53+02:00	5750198	windinet_2gpu	configs/finetune_vae/finetune_vae_baseline.yaml	/mnt/result/finetune_vae_baseline
2026-08-15T21:27:07+02:00	5750235	windinet_2gpu	configs/finetune_vae/finetune_vae_baseline.yaml	/mnt/result/finetune_vae_baseline
2026-08-16T04:53:12+02:00	5750205	windinet_4gpu	configs/finetune_vae/finetune_vae_baseline.yaml	/mnt/result/finetune_vae_baseline
2026-08-16T06:15:38+02:00	5750236	windinet_4gpu	configs/finetune_vae/finetune_vae_baseline.yaml	/mnt/result/finetune_vae_baseline
2026-08-16T10:10:35+02:00	5750941	windinet_2gpu	configs/finetune_vae/finetune_vae_whole_structure_baseline_ep30_256res.yaml	/mnt/result/finetune_vae_whole_structure_baseline_ep30_256res
2026-08-16T10:10:35+02:00	5750942	windinet_2gpu	configs/finetune_vae/finetune_vae_whole_structure_baseline_ep30_256res_kl1e7.yaml	/mnt/result/finetune_vae_whole_structure_baseline_ep30_256res_kl1e7
2026-08-16T10:50:07+02:00	5750943	windinet_2gpu	configs/finetune_vae/finetune_vae_whole_structure_baseline_ep30_256res_kl1e6.yaml	/mnt/result/finetune_vae_whole_structure_baseline_ep30_256res_kl1e6
2026-08-16T10:55:08+02:00	5750944	windinet_2gpu	configs/finetune_vae/finetune_vae_whole_structure_baseline_ep30_256res_kl1e5.yaml	/mnt/result/finetune_vae_whole_structure_baseline_ep30_256res_kl1e5
2026-08-16T13:32:20+02:00	5751018	windinet_2gpu	configs/finetune_vae/finetune_vae_whole_structure_baseline_ep30_256res_anchor.yaml	/mnt/result/finetune_vae_whole_structure_baseline_ep30_256res_anchor
2026-08-17T06:18:05+02:00	5752178	windinet_2gpu	configs/finetune_vae/finetune_vae_whole_structure_baseline_ep30_256res_kl1e5_resume.yaml	/mnt/result/finetune_vae_whole_structure_baseline_ep30_256res_kl1e5
2026-08-17T06:18:06+02:00	5752177	windinet_2gpu	configs/finetune_vae/finetune_vae_whole_structure_baseline_ep30_256res_kl1e6_resume.yaml	/mnt/result/finetune_vae_whole_structure_baseline_ep30_256res_kl1e6
2026-08-18T21:37:41+02:00	5752185	windinet_2gpu	configs/finetune_vae/finetune_vae_whole_structure_baseline_ep30_256res_anchor_resume.yaml	/mnt/result/finetune_vae_whole_structure_baseline_ep30_256res_anchor
2026-08-18T22:49:01+02:00	5752187	windinet_2gpu	configs/finetune_vae/finetune_vae_whole_structure_baseline_ep30_256res_kl1e6_resume.yaml	/mnt/result/finetune_vae_whole_structure_baseline_ep30_256res_kl1e6
2026-08-19T03:11:46+02:00	5752188	windinet_2gpu	configs/finetune_vae/finetune_vae_whole_structure_baseline_ep30_256res_kl1e5_resume.yaml	/mnt/result/finetune_vae_whole_structure_baseline_ep30_256res_kl1e5
2026-08-21T04:43:57+02:00	5755508	windinet_2gpu	configs/finetune_vae/finetune_vae_whole_structure_baseline_ep30_256res.yaml	/mnt/result/finetune_vae_whole_structure_baseline_ep30_256res
2026-08-22T14:31:44+02:00	5755510	windinet_2gpu	configs/finetune_vae/finetune_vae_whole_structure_baseline_ep30_256res_kl1e6.yaml	/mnt/result/finetune_vae_whole_structure_baseline_ep30_256res_kl1e6
2026-08-22T14:31:47+02:00	5755509	windinet_2gpu	configs/finetune_vae/finetune_vae_whole_structure_baseline_ep30_256res_kl1e7.yaml	/mnt/result/finetune_vae_whole_structure_baseline_ep30_256res_kl1e7
2026-08-22T14:40:24+02:00	5755511	windinet_2gpu	configs/finetune_vae/finetune_vae_whole_structure_baseline_ep30_256res_kl1e5.yaml	/mnt/result/finetune_vae_whole_structure_baseline_ep30_256res_kl1e5
2026-08-22T14:45:43+02:00	5755516	windinet_2gpu	configs/finetune_vae/finetune_vae_whole_structure_baseline_ep30_256res_anchor_kl1e7.yaml	/mnt/result/finetune_vae_whole_structure_baseline_ep30_256res_anchor_kl1e7
2026-08-23T02:39:00+02:00	5757480	windinet_2gpu	configs/finetune_vae/finetune_vae_whole_structure_baseline_ep20_256res.yaml	/mnt/result/finetune_vae_whole_structure_baseline_ep20_256res
2026-08-24T00:51:17+02:00	5757490	windinet_4gpu	configs/finetune_vae/finetune_vae_whole_structure_baseline_ep30_256res_4gpu_canary.yaml	/mnt/result/finetune_vae_whole_structure_baseline_ep30_256res_4gpu_canary
2026-08-24T01:03:49+02:00	5757481	windinet_2gpu	configs/finetune_vae/finetune_vae_whole_structure_baseline_ep20_256res_kl1e7.yaml	/mnt/result/finetune_vae_whole_structure_baseline_ep20_256res_kl1e7
2026-08-24T04:31:51+02:00	5757482	windinet_2gpu	configs/finetune_vae/finetune_vae_whole_structure_baseline_ep20_256res_kl1e6.yaml	/mnt/result/finetune_vae_whole_structure_baseline_ep20_256res_kl1e6
2026-08-24T06:52:36+02:00	5757483	windinet_2gpu	configs/finetune_vae/finetune_vae_whole_structure_baseline_ep20_256res_kl1e5.yaml	/mnt/result/finetune_vae_whole_structure_baseline_ep20_256res_kl1e5
2026-08-24T07:31:28+02:00	5757485	windinet_2gpu	configs/finetune_vae/finetune_vae_whole_structure_baseline_ep20_256res_cosine_lr1e4.yaml	/mnt/result/finetune_vae_whole_structure_baseline_ep20_256res_cosine_lr1e4
2026-08-24T07:31:28+02:00	5757484	windinet_2gpu	configs/finetune_vae/finetune_vae_whole_structure_baseline_ep20_256res_cosine_lr5e5.yaml	/mnt/result/finetune_vae_whole_structure_baseline_ep20_256res_cosine_lr5e5
2026-08-24T07:32:57+02:00	5757486	windinet_2gpu	configs/finetune_vae/finetune_vae_whole_structure_baseline_ep20_256res_cosine_lr1e5.yaml	/mnt/result/finetune_vae_whole_structure_baseline_ep20_256res_cosine_lr1e5
2026-08-24T07:37:57+02:00	5757489	windinet_2gpu	configs/finetune_vae/finetune_vae_whole_structure_baseline_ep20_256res.yaml	/mnt/result/finetune_vae_whole_structure_baseline_ep20_256res
2026-08-24T08:22:35+02:00	5759865	windinet_preprocess_dit	/mnt/result/finetune_vae_whole_structure_baseline_ep30_256res/checkpoints/vae_shockwave_best.safetensors	/mnt/result/dit_preprocessed/finetune_vae_whole_structure_baseline_ep30_256res
2026-08-24T08:25:06+02:00	5759866	windinet_preprocess_dit	/mnt/result/finetune_vae_whole_structure_baseline_ep30_256res_kl1e6/checkpoints/vae_shockwave_best.safetensors	/mnt/result/dit_preprocessed/finetune_vae_whole_structure_baseline_ep30_256res_kl1e6
2026-08-24T08:26:37+02:00	5759867	windinet_preprocess_dit	/mnt/result/finetune_vae_whole_structure_baseline_ep30_256res_kl1e5/checkpoints/vae_shockwave_best.safetensors	/mnt/result/dit_preprocessed/finetune_vae_whole_structure_baseline_ep30_256res_kl1e5
2026-08-24T09:19:08+02:00	5759868	windinet_preprocess_dit	/mnt/result/finetune_vae_whole_structure_baseline_ep30_256res_anchor_kl1e7/checkpoints/vae_shockwave_best.safetensors	/mnt/result/dit_preprocessed/finetune_vae_whole_structure_baseline_ep30_256res_anchor_kl1e7
2026-08-26T16:35:34+02:00	5757486	windinet_2gpu	configs/finetune_vae/finetune_vae_whole_structure_baseline_ep20_256res_cosine_lr1e5.yaml	/mnt/result/finetune_vae_whole_structure_baseline_ep20_256res_cosine_lr1e5
2026-08-27T07:43:28+02:00	5761509	windinet_dit_2gpu	configs/shockwavenet_lrz_ai_baseline.yaml	finetune_vae_whole_structure_baseline_ep30_256res
2026-08-27T09:39:08+02:00	5761635	windinet_dit_2gpu	configs/shockwavenet_lrz_ai_baseline.yaml	finetune_vae_whole_structure_baseline_ep30_256res
2026-08-27T09:41:22+02:00	5761636	windinet_dit_2gpu	configs/shockwavenet_lrz_ai_kl1e5.yaml	finetune_vae_whole_structure_baseline_ep30_256res_kl1e5
2026-08-27T09:42:51+02:00	5761637	windinet_dit_2gpu	configs/shockwavenet_lrz_ai_kl1e6.yaml	finetune_vae_whole_structure_baseline_ep30_256res_kl1e6
2026-08-27T09:44:19+02:00	5761638	windinet_dit_2gpu	configs/shockwavenet_lrz_ai_anchor_kl1e7.yaml	finetune_vae_whole_structure_baseline_ep30_256res_anchor_kl1e7
2026-08-28T06:02:58+02:00	5762646	windinet_dit_4gpu	configs/shockwavenet_lrz_ai.yaml	finetune_vae_whole_structure_baseline_ep30_256res
2026-08-28T17:46:51+02:00	5764225	windinet_dit_2gpu	configs/shockwavenet_lrz_ai_baseline.yaml	finetune_vae_whole_structure_baseline_ep30_256res
2026-09-01T13:28:24+02:00	5767882	windinet_4gpu	configs/finetune_vae/finetune_vae_whole_structure_baseline_ep20_512res.yaml	/mnt/result/finetune_vae_whole_structure_baseline_ep20_512res
